date,repository_id,repository,category,issue_author_events,pr_author_events,comment_events,participants_repo_count,first_party_participants_repo_count,automation_participants_repo_count,other_participants_repo_count,participants_first_seen_repo_count,other_participants_first_seen_repo_count
2026-08-17,core,FAROTECH/orbitfabric,core,0,2,0,1,1,0,0,1,0
2026-08-17,fprime-adapter,FAROTECH/orbitfabric-fprime-adapter,adapter,0,0,0,0,0,0,0,0,0
2026-08-17,openc3-cosmos-adapter,FAROTECH/orbitfabric-openc3-cosmos-adapter,adapter,0,0,0,0,0,0,0,0,0
2026-08-17,openobsw-opensvf-adapter,FAROTECH/orbitfabric-openobsw-opensvf-adapter,adapter,0,0,0,0,0,0,0,0,0
2026-08-17,reference-mission,FAROTECH/orbitfabric-reference-mission,product,0,0,0,0,0,0,0,0,0
2026-08-17,studio,FAROTECH/orbitfabric-studio,product,0,1,0,1,1,0,0,1,0
2026-08-18,core,FAROTECH/orbitfabric,core,0,0,0,0,0,0,0,0,0
2026-08-18,fprime-adapter,FAROTECH/orbitfabric-fprime-adapter,adapter,0,0,0,0,0,0,0,0,0
2026-08-18,openc3-cosmos-adapter,FAROTECH/orbitfabric-openc3-cosmos-adapter,adapter,0,0,0,0,0,0,0,0,0
2026-08-18,openobsw-opensvf-adapter,FAROTECH/orbitfabric-openobsw-opensvf-adapter,adapter,0,0,0,0,0,0,0,0,0
2026-08-18,reference-mission,FAROTECH/orbitfabric-reference-mission,product,0,0,0,0,0,0,0,0,0
2026-08-18,studio,FAROTECH/orbitfabric-studio,product,0,0,0,0,0,0,0,0,0
2026-08-19,core,FAROTECH/orbitfabric,core,0,0,0,0,0,0,0,0,0
2026-08-19,fprime-adapter,FAROTECH/orbitfabric-fprime-adapter,adapter,0,0,0,0,0,0,0,0,0
2026-08-19,openc3-cosmos-adapter,FAROTECH/orbitfabric-openc3-cosmos-adapter,adapter,0,0,0,0,0,0,0,0,0
2026-08-19,openobsw-opensvf-adapter,FAROTECH/orbitfabric-openobsw-opensvf-adapter,adapter,0,0,0,0,0,0,0,0,0
2026-08-19,reference-mission,FAROTECH/orbitfabric-reference-mission,product,0,0,0,0,0,0,0,0,0
2026-08-19,studio,FAROTECH/orbitfabric-studio,product,0,0,0,0,0,0,0,0,0
2026-08-20,core,FAROTECH/orbitfabric,core,0,0,0,0,0,0,0,0,0
2026-08-20,fprime-adapter,FAROTECH/orbitfabric-fprime-adapter,adapter,0,0,0,0,0,0,0,0,0
2026-08-20,openc3-cosmos-adapter,FAROTECH/orbitfabric-openc3-cosmos-adapter,adapter,0,0,0,0,0,0,0,0,0
2026-08-20,openobsw-opensvf-adapter,FAROTECH/orbitfabric-openobsw-opensvf-adapter,adapter,0,0,0,0,0,0,0,0,0
2026-08-20,reference-mission,FAROTECH/orbitfabric-reference-mission,product,0,0,0,0,0,0,0,0,0
2026-08-20,studio,FAROTECH/orbitfabric-studio,product,0,0,0,0,0,0,0,0,0
2026-08-21,core,FAROTECH/orbitfabric,core,0,0,0,0,0,0,0,0,0
2026-08-21,fprime-adapter,FAROTECH/orbitfabric-fprime-adapter,adapter,0,0,0,0,0,0,0,0,0
2026-08-21,openc3-cosmos-adapter,FAROTECH/orbitfabric-openc3-cosmos-adapter,adapter,0,0,0,0,0,0,0,0,0
2026-08-21,openobsw-opensvf-adapter,FAROTECH/orbitfabric-openobsw-opensvf-adapter,adapter,0,0,0,0,0,0,0,0,0
2026-08-21,reference-mission,FAROTECH/orbitfabric-reference-mission,product,0,0,0,0,0,0,0,0,0
2026-08-21,studio,FAROTECH/orbitfabric-studio,product,0,0,0,0,0,0,0,0,0
2026-08-22,core,FAROTECH/orbitfabric,core,0,0,0,0,0,0,0,0,0
2026-08-22,fprime-adapter,FAROTECH/orbitfabric-fprime-adapter,adapter,0,0,0,0,0,0,0,0,0
2026-08-22,openc3-cosmos-adapter,FAROTECH/orbitfabric-openc3-cosmos-adapter,adapter,0,0,0,0,0,0,0,0,0
2026-08-22,openobsw-opensvf-adapter,FAROTECH/orbitfabric-openobsw-opensvf-adapter,adapter,0,0,0,0,0,0,0,0,0
2026-08-22,reference-mission,FAROTECH/orbitfabric-reference-mission,product,0,0,0,0,0,0,0,0,0
2026-08-22,studio,FAROTECH/orbitfabric-studio,product,0,0,0,0,0,0,0,0,0
2026-08-23,core,FAROTECH/orbitfabric,core,0,0,0,0,0,0,0,0,0
2026-08-23,fprime-adapter,FAROTECH/orbitfabric-fprime-adapter,adapter,0,0,0,0,0,0,0,0,0
2026-08-23,openc3-cosmos-adapter,FAROTECH/orbitfabric-openc3-cosmos-adapter,adapter,0,0,0,0,0,0,0,0,0
2026-08-23,openobsw-opensvf-adapter,FAROTECH/orbitfabric-openobsw-opensvf-adapter,adapter,0,0,0,0,0,0,0,0,0
2026-08-23,reference-mission,FAROTECH/orbitfabric-reference-mission,product,0,0,0,0,0,0,0,0,0
2026-08-23,studio,FAROTECH/orbitfabric-studio,product,0,0,0,0,0,0,0,0,0
2026-08-24,core,FAROTECH/orbitfabric,core,0,0,0,0,0,0,0,0,0
2026-08-24,fprime-adapter,FAROTECH/orbitfabric-fprime-adapter,adapter,0,0,0,0,0,0,0,0,0
2026-08-24,openc3-cosmos-adapter,FAROTECH/orbitfabric-openc3-cosmos-adapter,adapter,0,0,0,0,0,0,0,0,0
2026-08-24,openobsw-opensvf-adapter,FAROTECH/orbitfabric-openobsw-opensvf-adapter,adapter,0,0,0,0,0,0,0,0,0
2026-08-24,reference-mission,FAROTECH/orbitfabric-reference-mission,product,0,0,0,0,0,0,0,0,0
2026-08-24,studio,FAROTECH/orbitfabric-studio,product,0,2,7,1,1,0,0,0,0
2026-08-25,core,FAROTECH/orbitfabric,core,0,0,0,0,0,0,0,0,0
2026-08-25,fprime-adapter,FAROTECH/orbitfabric-fprime-adapter,adapter,0,0,0,0,0,0,0,0,0
2026-08-25,openc3-cosmos-adapter,FAROTECH/orbitfabric-openc3-cosmos-adapter,adapter,0,0,0,0,0,0,0,0,0
2026-08-25,openobsw-opensvf-adapter,FAROTECH/orbitfabric-openobsw-opensvf-adapter,adapter,0,0,0,0,0,0,0,0,0
2026-08-25,reference-mission,FAROTECH/orbitfabric-reference-mission,product,0,0,0,0,0,0,0,0,0
2026-08-25,studio,FAROTECH/orbitfabric-studio,product,0,1,0,1,1,0,0,0,0
2026-08-26,core,FAROTECH/orbitfabric,core,7,6,24,1,1,0,0,0,0
2026-08-26,fprime-adapter,FAROTECH/orbitfabric-fprime-adapter,adapter,0,0,0,0,0,0,0,0,0
2026-08-26,openc3-cosmos-adapter,FAROTECH/orbitfabric-openc3-cosmos-adapter,adapter,0,0,0,0,0,0,0,0,0
2026-08-26,openobsw-opensvf-adapter,FAROTECH/orbitfabric-openobsw-opensvf-adapter,adapter,0,0,0,0,0,0,0,0,0
2026-08-26,reference-mission,FAROTECH/orbitfabric-reference-mission,product,0,0,0,0,0,0,0,0,0
2026-08-26,studio,FAROTECH/orbitfabric-studio,product,2,2,1,1,1,0,0,0,0
2026-08-27,core,FAROTECH/orbitfabric,core,0,1,11,1,1,0,0,0,0
2026-08-27,fprime-adapter,FAROTECH/orbitfabric-fprime-adapter,adapter,0,0,0,0,0,0,0,0,0
2026-08-27,openc3-cosmos-adapter,FAROTECH/orbitfabric-openc3-cosmos-adapter,adapter,0,0,0,0,0,0,0,0,0
2026-08-27,openobsw-opensvf-adapter,FAROTECH/orbitfabric-openobsw-opensvf-adapter,adapter,0,0,0,0,0,0,0,0,0
2026-08-27,reference-mission,FAROTECH/orbitfabric-reference-mission,product,0,0,0,0,0,0,0,0,0
2026-08-27,studio,FAROTECH/orbitfabric-studio,product,2,6,10,1,1,0,0,0,0
2026-08-28,core,FAROTECH/orbitfabric,core,0,3,14,1,1,0,0,0,0
2026-08-28,fprime-adapter,FAROTECH/orbitfabric-fprime-adapter,adapter,0,0,0,0,0,0,0,0,0
2026-08-28,openc3-cosmos-adapter,FAROTECH/orbitfabric-openc3-cosmos-adapter,adapter,0,0,0,0,0,0,0,0,0
2026-08-28,openobsw-opensvf-adapter,FAROTECH/orbitfabric-openobsw-opensvf-adapter,adapter,0,0,0,0,0,0,0,0,0
2026-08-28,reference-mission,FAROTECH/orbitfabric-reference-mission,product,0,1,0,1,1,0,0,1,0
2026-08-28,studio,FAROTECH/orbitfabric-studio,product,0,1,5,1,1,0,0,0,0
2026-08-29,core,FAROTECH/orbitfabric,core,1,0,0,1,1,0,0,0,0
2026-08-29,fprime-adapter,FAROTECH/orbitfabric-fprime-adapter,adapter,0,0,0,0,0,0,0,0,0
2026-08-29,openc3-cosmos-adapter,FAROTECH/orbitfabric-openc3-cosmos-adapter,adapter,0,0,0,0,0,0,0,0,0
2026-08-29,openobsw-opensvf-adapter,FAROTECH/orbitfabric-openobsw-opensvf-adapter,adapter,0,0,0,0,0,0,0,0,0
2026-08-29,reference-mission,FAROTECH/orbitfabric-reference-mission,product,0,0,0,0,0,0,0,0,0
2026-08-29,studio,FAROTECH/orbitfabric-studio,product,0,0,0,0,0,0,0,0,0
2026-08-30,core,FAROTECH/orbitfabric,core,0,0,0,0,0,0,0,0,0
2026-08-30,fprime-adapter,FAROTECH/orbitfabric-fprime-adapter,adapter,0,0,0,0,0,0,0,0,0
2026-08-30,openc3-cosmos-adapter,FAROTECH/orbitfabric-openc3-cosmos-adapter,adapter,0,0,0,0,0,0,0,0,0
2026-08-30,openobsw-opensvf-adapter,FAROTECH/orbitfabric-openobsw-opensvf-adapter,adapter,0,0,0,0,0,0,0,0,0
2026-08-30,reference-mission,FAROTECH/orbitfabric-reference-mission,product,0,0,0,0,0,0,0,0,0
2026-08-30,studio,FAROTECH/orbitfabric-studio,product,0,0,0,0,0,0,0,0,0
2026-08-31,core,FAROTECH/orbitfabric,core,0,0,0,0,0,0,0,0,0
2026-08-31,fprime-adapter,FAROTECH/orbitfabric-fprime-adapter,adapter,0,0,0,0,0,0,0,0,0
2026-08-31,openc3-cosmos-adapter,FAROTECH/orbitfabric-openc3-cosmos-adapter,adapter,0,0,0,0,0,0,0,0,0
2026-08-31,openobsw-opensvf-adapter,FAROTECH/orbitfabric-openobsw-opensvf-adapter,adapter,0,0,0,0,0,0,0,0,0
2026-08-31,reference-mission,FAROTECH/orbitfabric-reference-mission,product,0,0,0,0,0,0,0,0,0
2026-08-31,studio,FAROTECH/orbitfabric-studio,product,0,0,0,0,0,0,0,0,0
2026-09-01,core,FAROTECH/orbitfabric,core,0,1,0,1,1,0,0,0,0
2026-09-01,fprime-adapter,FAROTECH/orbitfabric-fprime-adapter,adapter,0,0,0,0,0,0,0,0,0
2026-09-01,openc3-cosmos-adapter,FAROTECH/orbitfabric-openc3-cosmos-adapter,adapter,0,0,0,0,0,0,0,0,0
2026-09-01,openobsw-opensvf-adapter,FAROTECH/orbitfabric-openobsw-opensvf-adapter,adapter,0,0,0,0,0,0,0,0,0
2026-09-01,reference-mission,FAROTECH/orbitfabric-reference-mission,product,0,0,0,0,0,0,0,0,0
2026-09-01,studio,FAROTECH/orbitfabric-studio,product,0,1,0,1,1,0,0,0,0
2026-09-02,core,OrbitFabric/orbitfabric,core,0,10,0,1,1,0,0,0,0
2026-09-02,fprime-adapter,OrbitFabric/orbitfabric-fprime-adapter,adapter,0,0,0,0,0,0,0,0,0
2026-09-02,openc3-cosmos-adapter,OrbitFabric/orbitfabric-openc3-cosmos-adapter,adapter,0,0,0,0,0,0,0,0,0
2026-09-02,openobsw-opensvf-adapter,OrbitFabric/orbitfabric-openobsw-opensvf-adapter,adapter,0,1,0,1,1,0,0,1,0
2026-09-02,reference-mission,OrbitFabric/orbitfabric-reference-mission,product,0,0,0,0,0,0,0,0,0
2026-09-02,studio,OrbitFabric/orbitfabric-studio,product,0,0,0,0,0,0,0,0,0
2026-09-03,core,OrbitFabric/orbitfabric,core,0,0,0,0,0,0,0,0,0
2026-09-03,fprime-adapter,OrbitFabric/orbitfabric-fprime-adapter,adapter,0,7,0,1,1,0,0,1,0
2026-09-03,openc3-cosmos-adapter,OrbitFabric/orbitfabric-openc3-cosmos-adapter,adapter,0,6,0,1,1,0,0,1,0
2026-09-03,openobsw-opensvf-adapter,OrbitFabric/orbitfabric-openobsw-opensvf-adapter,adapter,0,8,0,1,1,0,0,0,0
2026-09-03,reference-mission,OrbitFabric/orbitfabric-reference-mission,product,0,0,0,0,0,0,0,0,0
2026-09-03,studio,OrbitFabric/orbitfabric-studio,product,0,0,0,0,0,0,0,0,0
2026-09-04,core,OrbitFabric/orbitfabric,core,0,5,0,1,1,0,0,0,0
2026-09-04,fprime-adapter,OrbitFabric/orbitfabric-fprime-adapter,adapter,0,7,0,1,1,0,0,0,0
2026-09-04,openc3-cosmos-adapter,OrbitFabric/orbitfabric-openc3-cosmos-adapter,adapter,0,0,0,0,0,0,0,0,0
2026-09-04,openobsw-opensvf-adapter,OrbitFabric/orbitfabric-openobsw-opensvf-adapter,adapter,0,0,0,0,0,0,0,0,0
2026-09-04,reference-mission,OrbitFabric/orbitfabric-reference-mission,product,0,0,0,0,0,0,0,0,0
2026-09-04,studio,OrbitFabric/orbitfabric-studio,product,0,0,0,0,0,0,0,0,0
2026-09-05,core,OrbitFabric/orbitfabric,core,0,0,0,0,0,0,0,0,0
2026-09-05,fprime-adapter,OrbitFabric/orbitfabric-fprime-adapter,adapter,0,0,0,0,0,0,0,0,0
2026-09-05,openc3-cosmos-adapter,OrbitFabric/orbitfabric-openc3-cosmos-adapter,adapter,0,0,0,0,0,0,0,0,0
2026-09-05,openobsw-opensvf-adapter,OrbitFabric/orbitfabric-openobsw-opensvf-adapter,adapter,0,0,0,0,0,0,0,0,0
2026-09-05,reference-mission,OrbitFabric/orbitfabric-reference-mission,product,0,0,0,0,0,0,0,0,0
2026-09-05,studio,OrbitFabric/orbitfabric-studio,product,0,0,0,0,0,0,0,0,0
2026-09-06,core,OrbitFabric/orbitfabric,core,0,0,0,0,0,0,0,0,0
2026-09-06,fprime-adapter,OrbitFabric/orbitfabric-fprime-adapter,adapter,0,0,0,0,0,0,0,0,0
2026-09-06,openc3-cosmos-adapter,OrbitFabric/orbitfabric-openc3-cosmos-adapter,adapter,0,0,0,0,0,0,0,0,0
2026-09-06,openobsw-opensvf-adapter,OrbitFabric/orbitfabric-openobsw-opensvf-adapter,adapter,0,0,0,0,0,0,0,0,0
2026-09-06,reference-mission,OrbitFabric/orbitfabric-reference-mission,product,0,1,0,1,1,0,0,0,0
2026-09-06,studio,OrbitFabric/orbitfabric-studio,product,0,0,0,0,0,0,0,0,0
2026-09-07,core,OrbitFabric/orbitfabric,core,0,0,0,0,0,0,0,0,0
2026-09-07,fprime-adapter,OrbitFabric/orbitfabric-fprime-adapter,adapter,0,0,0,0,0,0,0,0,0
2026-09-07,openc3-cosmos-adapter,OrbitFabric/orbitfabric-openc3-cosmos-adapter,adapter,0,0,0,0,0,0,0,0,0
2026-09-07,openobsw-opensvf-adapter,OrbitFabric/orbitfabric-openobsw-opensvf-adapter,adapter,0,0,0,0,0,0,0,0,0
2026-09-07,reference-mission,OrbitFabric/orbitfabric-reference-mission,product,0,1,0,1,1,0,0,0,0
2026-09-07,studio,OrbitFabric/orbitfabric-studio,product,0,0,0,0,0,0,0,0,0
2026-09-08,core,OrbitFabric/orbitfabric,core,0,2,0,1,1,0,0,0,0
2026-09-08,fprime-adapter,OrbitFabric/orbitfabric-fprime-adapter,adapter,0,0,0,0,0,0,0,0,0
2026-09-08,openc3-cosmos-adapter,OrbitFabric/orbitfabric-openc3-cosmos-adapter,adapter,0,1,0,1,1,0,0,0,0
2026-09-08,openobsw-opensvf-adapter,OrbitFabric/orbitfabric-openobsw-opensvf-adapter,adapter,0,1,0,1,1,0,0,0,0
2026-09-08,reference-mission,OrbitFabric/orbitfabric-reference-mission,product,0,1,0,1,1,0,0,0,0
2026-09-08,studio,OrbitFabric/orbitfabric-studio,product,0,7,0,1,1,0,0,0,0
2026-09-09,core,OrbitFabric/orbitfabric,core,0,0,0,0,0,0,0,0,0
2026-09-09,fprime-adapter,OrbitFabric/orbitfabric-fprime-adapter,adapter,0,0,0,0,0,0,0,0,0
2026-09-09,openc3-cosmos-adapter,OrbitFabric/orbitfabric-openc3-cosmos-adapter,adapter,0,0,0,0,0,0,0,0,0
2026-09-09,openobsw-opensvf-adapter,OrbitFabric/orbitfabric-openobsw-opensvf-adapter,adapter,0,0,0,0,0,0,0,0,0
2026-09-09,reference-mission,OrbitFabric/orbitfabric-reference-mission,product,0,0,0,0,0,0,0,0,0
2026-09-09,studio,OrbitFabric/orbitfabric-studio,product,0,3,0,1,1,0,0,0,0
2026-09-10,core,OrbitFabric/orbitfabric,core,0,1,0,1,1,0,0,0,0
2026-09-10,fprime-adapter,OrbitFabric/orbitfabric-fprime-adapter,adapter,0,0,0,0,0,0,0,0,0
2026-09-10,openc3-cosmos-adapter,OrbitFabric/orbitfabric-openc3-cosmos-adapter,adapter,0,1,0,1,1,0,0,0,0
2026-09-10,openobsw-opensvf-adapter,OrbitFabric/orbitfabric-openobsw-opensvf-adapter,adapter,0,0,0,0,0,0,0,0,0
2026-09-10,reference-mission,OrbitFabric/orbitfabric-reference-mission,product,0,0,0,0,0,0,0,0,0
2026-09-10,studio,OrbitFabric/orbitfabric-studio,product,0,1,0,1,1,0,0,0,0
2026-09-11,core,OrbitFabric/orbitfabric,core,0,0,0,0,0,0,0,0,0
2026-09-11,fprime-adapter,OrbitFabric/orbitfabric-fprime-adapter,adapter,0,0,0,0,0,0,0,0,0
2026-09-11,openc3-cosmos-adapter,OrbitFabric/orbitfabric-openc3-cosmos-adapter,adapter,0,0,0,0,0,0,0,0,0
2026-09-11,openobsw-opensvf-adapter,OrbitFabric/orbitfabric-openobsw-opensvf-adapter,adapter,0,0,0,0,0,0,0,0,0
2026-09-11,reference-mission,OrbitFabric/orbitfabric-reference-mission,product,0,1,0,1,1,0,0,0,0
2026-09-11,studio,OrbitFabric/orbitfabric-studio,product,0,2,0,1,1,0,0,0,0
2026-09-12,core,OrbitFabric/orbitfabric,core,0,0,0,0,0,0,0,0,0
2026-09-12,fprime-adapter,OrbitFabric/orbitfabric-fprime-adapter,adapter,0,0,0,0,0,0,0,0,0
2026-09-12,openc3-cosmos-adapter,OrbitFabric/orbitfabric-openc3-cosmos-adapter,adapter,0,0,0,0,0,0,0,0,0
2026-09-12,openobsw-opensvf-adapter,OrbitFabric/orbitfabric-openobsw-opensvf-adapter,adapter,0,0,0,0,0,0,0,0,0
2026-09-12,reference-mission,OrbitFabric/orbitfabric-reference-mission,product,0,0,0,0,0,0,0,0,0
2026-09-12,studio,OrbitFabric/orbitfabric-studio,product,0,0,0,0,0,0,0,0,0
2026-09-13,core,OrbitFabric/orbitfabric,core,0,0,0,0,0,0,0,0,0
2026-09-13,fprime-adapter,OrbitFabric/orbitfabric-fprime-adapter,adapter,0,0,0,0,0,0,0,0,0
2026-09-13,openc3-cosmos-adapter,OrbitFabric/orbitfabric-openc3-cosmos-adapter,adapter,0,0,0,0,0,0,0,0,0
2026-09-13,openobsw-opensvf-adapter,OrbitFabric/orbitfabric-openobsw-opensvf-adapter,adapter,0,0,0,0,0,0,0,0,0
2026-09-13,reference-mission,OrbitFabric/orbitfabric-reference-mission,product,0,0,0,0,0,0,0,0,0
2026-09-13,studio,OrbitFabric/orbitfabric-studio,product,0,0,0,0,0,0,0,0,0
2026-09-14,core,OrbitFabric/orbitfabric,core,0,1,0,1,1,0,0,0,0
2026-09-14,fprime-adapter,OrbitFabric/orbitfabric-fprime-adapter,adapter,0,0,0,0,0,0,0,0,0
2026-09-14,openc3-cosmos-adapter,OrbitFabric/orbitfabric-openc3-cosmos-adapter,adapter,0,0,0,0,0,0,0,0,0
2026-09-14,openobsw-opensvf-adapter,OrbitFabric/orbitfabric-openobsw-opensvf-adapter,adapter,0,0,0,0,0,0,0,0,0
2026-09-14,reference-mission,OrbitFabric/orbitfabric-reference-mission,product,0,1,0,1,1,0,0,0,0
2026-09-14,studio,OrbitFabric/orbitfabric-studio,product,0,3,0,1,1,0,0,0,0
2026-09-15,core,OrbitFabric/orbitfabric,core,0,0,0,0,0,0,0,0,0
2026-09-15,fprime-adapter,OrbitFabric/orbitfabric-fprime-adapter,adapter,0,0,0,0,0,0,0,0,0
2026-09-15,openc3-cosmos-adapter,OrbitFabric/orbitfabric-openc3-cosmos-adapter,adapter,0,0,0,0,0,0,0,0,0
2026-09-15,openobsw-opensvf-adapter,OrbitFabric/orbitfabric-openobsw-opensvf-adapter,adapter,0,0,0,0,0,0,0,0,0
2026-09-15,reference-mission,OrbitFabric/orbitfabric-reference-mission,product,0,0,0,0,0,0,0,0,0
2026-09-15,studio,OrbitFabric/orbitfabric-studio,product,0,0,0,0,0,0,0,0,0
2026-09-16,core,OrbitFabric/orbitfabric,core,0,0,0,0,0,0,0,0,0
2026-09-16,fprime-adapter,OrbitFabric/orbitfabric-fprime-adapter,adapter,0,4,0,1,1,0,0,0,0
2026-09-16,openc3-cosmos-adapter,OrbitFabric/orbitfabric-openc3-cosmos-adapter,adapter,0,0,0,0,0,0,0,0,0
2026-09-16,openobsw-opensvf-adapter,OrbitFabric/orbitfabric-openobsw-opensvf-adapter,adapter,0,0,0,0,0,0,0,0,0
2026-09-16,reference-mission,OrbitFabric/orbitfabric-reference-mission,product,0,0,0,0,0,0,0,0,0
2026-09-16,studio,OrbitFabric/orbitfabric-studio,product,0,1,0,1,1,0,0,0,0
2026-09-17,core,OrbitFabric/orbitfabric,core,0,0,0,0,0,0,0,0,0
2026-09-17,fprime-adapter,OrbitFabric/orbitfabric-fprime-adapter,adapter,0,0,0,0,0,0,0,0,0
2026-09-17,openc3-cosmos-adapter,OrbitFabric/orbitfabric-openc3-cosmos-adapter,adapter,0,0,0,0,0,0,0,0,0
2026-09-17,openobsw-opensvf-adapter,OrbitFabric/orbitfabric-openobsw-opensvf-adapter,adapter,0,0,0,0,0,0,0,0,0
2026-09-17,reference-mission,OrbitFabric/orbitfabric-reference-mission,product,0,0,0,0,0,0,0,0,0
2026-09-17,studio,OrbitFabric/orbitfabric-studio,product,0,0,0,0,0,0,0,0,0
2026-09-18,core,OrbitFabric/orbitfabric,core,0,0,0,0,0,0,0,0,0
2026-09-18,fprime-adapter,OrbitFabric/orbitfabric-fprime-adapter,adapter,0,0,0,0,0,0,0,0,0
2026-09-18,openc3-cosmos-adapter,OrbitFabric/orbitfabric-openc3-cosmos-adapter,adapter,0,0,0,0,0,0,0,0,0
2026-09-18,openobsw-opensvf-adapter,OrbitFabric/orbitfabric-openobsw-opensvf-adapter,adapter,0,0,0,0,0,0,0,0,0
2026-09-18,reference-mission,OrbitFabric/orbitfabric-reference-mission,product,0,0,0,0,0,0,0,0,0
2026-09-18,studio,OrbitFabric/orbitfabric-studio,product,0,1,0,1,1,0,0,0,0
2026-09-19,core,OrbitFabric/orbitfabric,core,0,0,0,0,0,0,0,0,0
2026-09-19,fprime-adapter,OrbitFabric/orbitfabric-fprime-adapter,adapter,0,0,0,0,0,0,0,0,0
2026-09-19,openc3-cosmos-adapter,OrbitFabric/orbitfabric-openc3-cosmos-adapter,adapter,0,0,0,0,0,0,0,0,0
2026-09-19,openobsw-opensvf-adapter,OrbitFabric/orbitfabric-openobsw-opensvf-adapter,adapter,0,0,0,0,0,0,0,0,0
2026-09-19,reference-mission,OrbitFabric/orbitfabric-reference-mission,product,0,0,0,0,0,0,0,0,0
2026-09-19,studio,OrbitFabric/orbitfabric-studio,product,0,0,0,0,0,0,0,0,0
2026-09-20,core,OrbitFabric/orbitfabric,core,0,0,0,0,0,0,0,0,0
2026-09-20,fprime-adapter,OrbitFabric/orbitfabric-fprime-adapter,adapter,0,1,0,1,1,0,0,0,0
2026-09-20,openc3-cosmos-adapter,OrbitFabric/orbitfabric-openc3-cosmos-adapter,adapter,0,1,0,1,1,0,0,0,0
2026-09-20,openobsw-opensvf-adapter,OrbitFabric/orbitfabric-openobsw-opensvf-adapter,adapter,0,1,0,1,1,0,0,0,0
2026-09-20,reference-mission,OrbitFabric/orbitfabric-reference-mission,product,0,1,0,1,1,0,0,0,0
2026-09-20,studio,OrbitFabric/orbitfabric-studio,product,0,1,0,1,1,0,0,0,0
2026-09-21,core,OrbitFabric/orbitfabric,core,0,1,0,1,1,0,0,0,0
2026-09-21,fprime-adapter,OrbitFabric/orbitfabric-fprime-adapter,adapter,0,0,0,0,0,0,0,0,0
2026-09-21,openc3-cosmos-adapter,OrbitFabric/orbitfabric-openc3-cosmos-adapter,adapter,0,2,0,1,1,0,0,0,0
2026-09-21,openobsw-opensvf-adapter,OrbitFabric/orbitfabric-openobsw-opensvf-adapter,adapter,0,0,0,0,0,0,0,0,0
2026-09-21,reference-mission,OrbitFabric/orbitfabric-reference-mission,product,0,2,0,1,1,0,0,0,0
2026-09-21,studio,OrbitFabric/orbitfabric-studio,product,0,1,0,1,1,0,0,0,0
2026-09-22,core,OrbitFabric/orbitfabric,core,0,1,0,1,1,0,0,0,0
2026-09-22,fprime-adapter,OrbitFabric/orbitfabric-fprime-adapter,adapter,0,1,0,1,1,0,0,0,0
2026-09-22,openc3-cosmos-adapter,OrbitFabric/orbitfabric-openc3-cosmos-adapter,adapter,0,1,0,1,1,0,0,0,0
2026-09-22,openobsw-opensvf-adapter,OrbitFabric/orbitfabric-openobsw-opensvf-adapter,adapter,0,1,0,1,1,0,0,0,0
2026-09-22,reference-mission,OrbitFabric/orbitfabric-reference-mission,product,0,0,0,0,0,0,0,0,0
2026-09-22,studio,OrbitFabric/orbitfabric-studio,product,0,0,0,0,0,0,0,0,0
2026-09-23,core,OrbitFabric/orbitfabric,core,0,0,0,0,0,0,0,0,0
2026-09-23,fprime-adapter,OrbitFabric/orbitfabric-fprime-adapter,adapter,0,0,0,0,0,0,0,0,0
2026-09-23,openc3-cosmos-adapter,OrbitFabric/orbitfabric-openc3-cosmos-adapter,adapter,0,0,0,0,0,0,0,0,0
2026-09-23,openobsw-opensvf-adapter,OrbitFabric/orbitfabric-openobsw-opensvf-adapter,adapter,0,0,0,0,0,0,0,0,0
2026-09-23,reference-mission,OrbitFabric/orbitfabric-reference-mission,product,0,0,0,0,0,0,0,0,0
2026-09-23,studio,OrbitFabric/orbitfabric-studio,product,0,1,0,1,1,0,0,0,0
2026-09-24,core,OrbitFabric/orbitfabric,core,0,1,0,1,1,0,0,0,0
2026-09-24,fprime-adapter,OrbitFabric/orbitfabric-fprime-adapter,adapter,0,1,0,1,1,0,0,0,0
2026-09-24,openc3-cosmos-adapter,OrbitFabric/orbitfabric-openc3-cosmos-adapter,adapter,0,1,0,1,1,0,0,0,0
2026-09-24,openobsw-opensvf-adapter,OrbitFabric/orbitfabric-openobsw-opensvf-adapter,adapter,0,1,0,1,1,0,0,0,0
2026-09-24,reference-mission,OrbitFabric/orbitfabric-reference-mission,product,0,0,0,0,0,0,0,0,0
2026-09-24,studio,OrbitFabric/orbitfabric-studio,product,0,0,0,0,0,0,0,0,0
2026-09-25,core,OrbitFabric/orbitfabric,core,0,0,0,0,0,0,0,0,0
2026-09-25,fprime-adapter,OrbitFabric/orbitfabric-fprime-adapter,adapter,0,0,0,0,0,0,0,0,0
2026-09-25,openc3-cosmos-adapter,OrbitFabric/orbitfabric-openc3-cosmos-adapter,adapter,0,1,0,1,1,0,0,0,0
2026-09-25,openobsw-opensvf-adapter,OrbitFabric/orbitfabric-openobsw-opensvf-adapter,adapter,0,1,0,1,1,0,0,0,0
2026-09-25,reference-mission,OrbitFabric/orbitfabric-reference-mission,product,0,0,0,0,0,0,0,0,0
2026-09-25,studio,OrbitFabric/orbitfabric-studio,product,0,0,0,0,0,0,0,0,0
2026-09-26,core,OrbitFabric/orbitfabric,core,0,0,0,0,0,0,0,0,0
2026-09-26,fprime-adapter,OrbitFabric/orbitfabric-fprime-adapter,adapter,0,0,0,0,0,0,0,0,0
2026-09-26,openc3-cosmos-adapter,OrbitFabric/orbitfabric-openc3-cosmos-adapter,adapter,0,0,0,0,0,0,0,0,0
2026-09-26,openobsw-opensvf-adapter,OrbitFabric/orbitfabric-openobsw-opensvf-adapter,adapter,0,0,0,0,0,0,0,0,0
2026-09-26,reference-mission,OrbitFabric/orbitfabric-reference-mission,product,0,1,0,1,1,0,0,0,0
2026-09-26,studio,OrbitFabric/orbitfabric-studio,product,0,0,0,0,0,0,0,0,0
2026-09-27,core,OrbitFabric/orbitfabric,core,0,0,0,0,0,0,0,0,0
2026-09-27,fprime-adapter,OrbitFabric/orbitfabric-fprime-adapter,adapter,0,0,0,0,0,0,0,0,0
2026-09-27,openc3-cosmos-adapter,OrbitFabric/orbitfabric-openc3-cosmos-adapter,adapter,0,0,0,0,0,0,0,0,0
2026-09-27,openobsw-opensvf-adapter,OrbitFabric/orbitfabric-openobsw-opensvf-adapter,adapter,0,0,0,0,0,0,0,0,0
2026-09-27,reference-mission,OrbitFabric/orbitfabric-reference-mission,product,0,0,0,0,0,0,0,0,0
2026-09-27,studio,OrbitFabric/orbitfabric-studio,product,0,0,0,0,0,0,0,0,0
2026-09-28,core,OrbitFabric/orbitfabric,core,0,0,0,0,0,0,0,0,0
2026-09-28,fprime-adapter,OrbitFabric/orbitfabric-fprime-adapter,adapter,0,0,0,0,0,0,0,0,0
2026-09-28,openc3-cosmos-adapter,OrbitFabric/orbitfabric-openc3-cosmos-adapter,adapter,0,0,0,0,0,0,0,0,0
2026-09-28,openobsw-opensvf-adapter,OrbitFabric/orbitfabric-openobsw-opensvf-adapter,adapter,0,0,0,0,0,0,0,0,0
2026-09-28,reference-mission,OrbitFabric/orbitfabric-reference-mission,product,0,0,0,0,0,0,0,0,0
2026-09-28,studio,OrbitFabric/orbitfabric-studio,product,0,0,0,0,0,0,0,0,0
2026-09-29,core,OrbitFabric/orbitfabric,core,0,0,0,0,0,0,0,0,0
2026-09-29,fprime-adapter,OrbitFabric/orbitfabric-fprime-adapter,adapter,0,0,0,0,0,0,0,0,0
2026-09-29,openc3-cosmos-adapter,OrbitFabric/orbitfabric-openc3-cosmos-adapter,adapter,0,0,0,0,0,0,0,0,0
2026-09-29,openobsw-opensvf-adapter,OrbitFabric/orbitfabric-openobsw-opensvf-adapter,adapter,0,0,0,0,0,0,0,0,0
2026-09-29,reference-mission,OrbitFabric/orbitfabric-reference-mission,product,0,1,0,1,1,0,0,0,0
2026-09-29,studio,OrbitFabric/orbitfabric-studio,product,0,0,0,0,0,0,0,0,0
2026-09-30,core,OrbitFabric/orbitfabric,core,0,0,0,0,0,0,0,0,0
2026-09-30,fprime-adapter,OrbitFabric/orbitfabric-fprime-adapter,adapter,0,0,0,0,0,0,0,0,0
2026-09-30,openc3-cosmos-adapter,OrbitFabric/orbitfabric-openc3-cosmos-adapter,adapter,0,0,0,0,0,0,0,0,0
2026-09-30,openobsw-opensvf-adapter,OrbitFabric/orbitfabric-openobsw-opensvf-adapter,adapter,0,0,0,0,0,0,0,0,0
2026-09-30,reference-mission,OrbitFabric/orbitfabric-reference-mission,product,0,0,0,0,0,0,0,0,0
2026-09-30,studio,OrbitFabric/orbitfabric-studio,product,0,0,0,0,0,0,0,0,0
