date,repository_id,repository,category,include_in_rollups,clones_total,clones_unique,views_total,views_unique
2026-08-21,adapter-template,OrbitFabric/orbitfabric-adapter-template,ecosystem,False,0,0,0,0
2026-08-21,core,OrbitFabric/orbitfabric,core,True,0,0,0,0
2026-08-21,fprime-adapter,OrbitFabric/orbitfabric-fprime-adapter,adapter,True,0,0,0,0
2026-08-21,openc3-cosmos-adapter,OrbitFabric/orbitfabric-openc3-cosmos-adapter,adapter,True,0,0,0,0
2026-08-21,openobsw-opensvf-adapter,OrbitFabric/orbitfabric-openobsw-opensvf-adapter,adapter,True,0,0,0,0
2026-08-21,reference-mission,OrbitFabric/orbitfabric-reference-mission,product,True,0,0,0,0
2026-08-21,studio,OrbitFabric/orbitfabric-studio,product,True,0,0,0,0
2026-08-22,adapter-catalog,OrbitFabric/orbitfabric-adapter-catalog,ecosystem,False,0,0,0,0
2026-08-22,adapter-template,OrbitFabric/orbitfabric-adapter-template,ecosystem,False,0,0,0,0
2026-08-22,core,OrbitFabric/orbitfabric,core,True,80,1,0,0
2026-08-22,fprime-adapter,OrbitFabric/orbitfabric-fprime-adapter,adapter,True,0,0,0,0
2026-08-22,github-release-source,OrbitFabric/orbitfabric-github-release-source,infrastructure,False,0,0,0,0
2026-08-22,openc3-cosmos-adapter,OrbitFabric/orbitfabric-openc3-cosmos-adapter,adapter,True,0,0,0,0
2026-08-22,openobsw-opensvf-adapter,OrbitFabric/orbitfabric-openobsw-opensvf-adapter,adapter,True,0,0,0,0
2026-08-22,reference-mission,OrbitFabric/orbitfabric-reference-mission,product,True,0,0,0,0
2026-08-22,studio,OrbitFabric/orbitfabric-studio,product,True,243,1,0,0
2026-08-23,adapter-catalog,OrbitFabric/orbitfabric-adapter-catalog,ecosystem,False,0,0,0,0
2026-08-23,adapter-template,OrbitFabric/orbitfabric-adapter-template,ecosystem,False,0,0,0,0
2026-08-23,core,OrbitFabric/orbitfabric,core,True,24,1,3,1
2026-08-23,fprime-adapter,OrbitFabric/orbitfabric-fprime-adapter,adapter,True,0,0,0,0
2026-08-23,github-release-source,OrbitFabric/orbitfabric-github-release-source,infrastructure,False,0,0,0,0
2026-08-23,openc3-cosmos-adapter,OrbitFabric/orbitfabric-openc3-cosmos-adapter,adapter,True,0,0,0,0
2026-08-23,openobsw-opensvf-adapter,OrbitFabric/orbitfabric-openobsw-opensvf-adapter,adapter,True,0,0,0,0
2026-08-23,reference-mission,OrbitFabric/orbitfabric-reference-mission,product,True,0,0,0,0
2026-08-23,studio,OrbitFabric/orbitfabric-studio,product,True,81,1,0,0
2026-08-24,adapter-catalog,OrbitFabric/orbitfabric-adapter-catalog,ecosystem,False,0,0,0,0
2026-08-24,adapter-template,OrbitFabric/orbitfabric-adapter-template,ecosystem,False,0,0,0,0
2026-08-24,core,OrbitFabric/orbitfabric,core,True,33,2,0,0
2026-08-24,fprime-adapter,OrbitFabric/orbitfabric-fprime-adapter,adapter,True,0,0,0,0
2026-08-24,github-release-source,OrbitFabric/orbitfabric-github-release-source,infrastructure,False,0,0,0,0
2026-08-24,openc3-cosmos-adapter,OrbitFabric/orbitfabric-openc3-cosmos-adapter,adapter,True,0,0,0,0
2026-08-24,openobsw-opensvf-adapter,OrbitFabric/orbitfabric-openobsw-opensvf-adapter,adapter,True,0,0,0,0
2026-08-24,reference-mission,OrbitFabric/orbitfabric-reference-mission,product,True,0,0,0,0
2026-08-24,studio,OrbitFabric/orbitfabric-studio,product,True,100,7,17,1
2026-08-25,adapter-catalog,OrbitFabric/orbitfabric-adapter-catalog,ecosystem,False,0,0,0,0
2026-08-25,adapter-template,OrbitFabric/orbitfabric-adapter-template,ecosystem,False,0,0,0,0
2026-08-25,core,OrbitFabric/orbitfabric,core,True,3,2,0,0
2026-08-25,eds-cfs-adapter,OrbitFabric/orbitfabric-eds-cfs-adapter,adapter,False,0,0,0,0
2026-08-25,fprime-adapter,OrbitFabric/orbitfabric-fprime-adapter,adapter,True,0,0,0,0
2026-08-25,github-release-source,OrbitFabric/orbitfabric-github-release-source,infrastructure,False,0,0,0,0
2026-08-25,openc3-cosmos-adapter,OrbitFabric/orbitfabric-openc3-cosmos-adapter,adapter,True,0,0,0,0
2026-08-25,openobsw-opensvf-adapter,OrbitFabric/orbitfabric-openobsw-opensvf-adapter,adapter,True,0,0,0,0
2026-08-25,reference-mission,OrbitFabric/orbitfabric-reference-mission,product,True,0,0,0,0
2026-08-25,studio,OrbitFabric/orbitfabric-studio,product,True,41,11,0,0
2026-08-26,adapter-catalog,OrbitFabric/orbitfabric-adapter-catalog,ecosystem,False,0,0,0,0
2026-08-26,adapter-template,OrbitFabric/orbitfabric-adapter-template,ecosystem,False,0,0,0,0
2026-08-26,core,OrbitFabric/orbitfabric,core,True,289,65,15,1
2026-08-26,eds-cfs-adapter,OrbitFabric/orbitfabric-eds-cfs-adapter,adapter,False,0,0,0,0
2026-08-26,fprime-adapter,OrbitFabric/orbitfabric-fprime-adapter,adapter,True,0,0,0,0
2026-08-26,github-release-source,OrbitFabric/orbitfabric-github-release-source,infrastructure,False,0,0,0,0
2026-08-26,openc3-cosmos-adapter,OrbitFabric/orbitfabric-openc3-cosmos-adapter,adapter,True,0,0,0,0
2026-08-26,openobsw-opensvf-adapter,OrbitFabric/orbitfabric-openobsw-opensvf-adapter,adapter,True,0,0,0,0
2026-08-26,reference-mission,OrbitFabric/orbitfabric-reference-mission,product,True,0,0,0,0
2026-08-26,studio,OrbitFabric/orbitfabric-studio,product,True,159,37,24,1
2026-08-27,adapter-catalog,OrbitFabric/orbitfabric-adapter-catalog,ecosystem,False,0,0,0,0
2026-08-27,adapter-template,OrbitFabric/orbitfabric-adapter-template,ecosystem,False,0,0,0,0
2026-08-27,core,OrbitFabric/orbitfabric,core,True,152,23,0,0
2026-08-27,eds-cfs-adapter,OrbitFabric/orbitfabric-eds-cfs-adapter,adapter,False,0,0,0,0
2026-08-27,fprime-adapter,OrbitFabric/orbitfabric-fprime-adapter,adapter,True,0,0,0,0
2026-08-27,github-release-source,OrbitFabric/orbitfabric-github-release-source,infrastructure,False,0,0,0,0
2026-08-27,openc3-cosmos-adapter,OrbitFabric/orbitfabric-openc3-cosmos-adapter,adapter,True,0,0,0,0
2026-08-27,openobsw-opensvf-adapter,OrbitFabric/orbitfabric-openobsw-opensvf-adapter,adapter,True,0,0,0,0
2026-08-27,reference-mission,OrbitFabric/orbitfabric-reference-mission,product,True,16,14,0,0
2026-08-27,studio,OrbitFabric/orbitfabric-studio,product,True,261,78,0,0
2026-08-28,adapter-catalog,OrbitFabric/orbitfabric-adapter-catalog,ecosystem,False,0,0,0,0
2026-08-28,adapter-template,OrbitFabric/orbitfabric-adapter-template,ecosystem,False,0,0,0,0
2026-08-28,core,OrbitFabric/orbitfabric,core,True,207,37,84,1
2026-08-28,eds-cfs-adapter,OrbitFabric/orbitfabric-eds-cfs-adapter,adapter,False,0,0,0,0
2026-08-28,fprime-adapter,OrbitFabric/orbitfabric-fprime-adapter,adapter,True,0,0,0,0
2026-08-28,github-release-source,OrbitFabric/orbitfabric-github-release-source,infrastructure,False,0,0,0,0
2026-08-28,openc3-cosmos-adapter,OrbitFabric/orbitfabric-openc3-cosmos-adapter,adapter,True,0,0,0,0
2026-08-28,openobsw-opensvf-adapter,OrbitFabric/orbitfabric-openobsw-opensvf-adapter,adapter,True,0,0,0,0
2026-08-28,reference-mission,OrbitFabric/orbitfabric-reference-mission,product,True,8,7,20,1
2026-08-28,studio,OrbitFabric/orbitfabric-studio,product,True,104,42,46,1
2026-08-29,adapter-catalog,OrbitFabric/orbitfabric-adapter-catalog,ecosystem,False,0,0,0,0
2026-08-29,adapter-template,OrbitFabric/orbitfabric-adapter-template,ecosystem,False,0,0,0,0
2026-08-29,core,OrbitFabric/orbitfabric,core,True,8,5,2,2
2026-08-29,eds-cfs-adapter,OrbitFabric/orbitfabric-eds-cfs-adapter,adapter,False,0,0,0,0
2026-08-29,fprime-adapter,OrbitFabric/orbitfabric-fprime-adapter,adapter,True,0,0,0,0
2026-08-29,github-release-source,OrbitFabric/orbitfabric-github-release-source,infrastructure,False,0,0,0,0
2026-08-29,openc3-cosmos-adapter,OrbitFabric/orbitfabric-openc3-cosmos-adapter,adapter,True,0,0,0,0
2026-08-29,openobsw-opensvf-adapter,OrbitFabric/orbitfabric-openobsw-opensvf-adapter,adapter,True,0,0,0,0
2026-08-29,reference-mission,OrbitFabric/orbitfabric-reference-mission,product,True,0,0,2,1
2026-08-29,studio,OrbitFabric/orbitfabric-studio,product,True,19,11,0,0
2026-08-30,adapter-catalog,OrbitFabric/orbitfabric-adapter-catalog,ecosystem,False,0,0,0,0
2026-08-30,adapter-template,OrbitFabric/orbitfabric-adapter-template,ecosystem,False,0,0,0,0
2026-08-30,core,OrbitFabric/orbitfabric,core,True,1,1,2,2
2026-08-30,eds-cfs-adapter,OrbitFabric/orbitfabric-eds-cfs-adapter,adapter,False,0,0,0,0
2026-08-30,fprime-adapter,OrbitFabric/orbitfabric-fprime-adapter,adapter,True,0,0,0,0
2026-08-30,github-release-source,OrbitFabric/orbitfabric-github-release-source,infrastructure,False,0,0,0,0
2026-08-30,openc3-cosmos-adapter,OrbitFabric/orbitfabric-openc3-cosmos-adapter,adapter,True,0,0,0,0
2026-08-30,openobsw-opensvf-adapter,OrbitFabric/orbitfabric-openobsw-opensvf-adapter,adapter,True,0,0,0,0
2026-08-30,reference-mission,OrbitFabric/orbitfabric-reference-mission,product,True,2,2,0,0
2026-08-30,studio,OrbitFabric/orbitfabric-studio,product,True,1,1,6,1
2026-08-31,adapter-catalog,OrbitFabric/orbitfabric-adapter-catalog,ecosystem,False,0,0,0,0
2026-08-31,adapter-template,OrbitFabric/orbitfabric-adapter-template,ecosystem,False,0,0,0,0
2026-08-31,core,OrbitFabric/orbitfabric,core,True,11,3,8,2
2026-08-31,eds-cfs-adapter,OrbitFabric/orbitfabric-eds-cfs-adapter,adapter,False,0,0,0,0
2026-08-31,fprime-adapter,OrbitFabric/orbitfabric-fprime-adapter,adapter,True,0,0,0,0
2026-08-31,github-release-source,OrbitFabric/orbitfabric-github-release-source,infrastructure,False,0,0,0,0
2026-08-31,openc3-cosmos-adapter,OrbitFabric/orbitfabric-openc3-cosmos-adapter,adapter,True,0,0,0,0
2026-08-31,openobsw-opensvf-adapter,OrbitFabric/orbitfabric-openobsw-opensvf-adapter,adapter,True,0,0,0,0
2026-08-31,reference-mission,OrbitFabric/orbitfabric-reference-mission,product,True,1,1,3,1
2026-08-31,studio,OrbitFabric/orbitfabric-studio,product,True,6,5,4,1
2026-09-01,adapter-catalog,OrbitFabric/orbitfabric-adapter-catalog,ecosystem,False,0,0,0,0
2026-09-01,adapter-template,OrbitFabric/orbitfabric-adapter-template,ecosystem,False,0,0,0,0
2026-09-01,core,OrbitFabric/orbitfabric,core,True,55,10,1,1
2026-09-01,eds-cfs-adapter,OrbitFabric/orbitfabric-eds-cfs-adapter,adapter,False,0,0,0,0
2026-09-01,fprime-adapter,OrbitFabric/orbitfabric-fprime-adapter,adapter,True,0,0,0,0
2026-09-01,github-release-source,OrbitFabric/orbitfabric-github-release-source,infrastructure,False,0,0,0,0
2026-09-01,openc3-cosmos-adapter,OrbitFabric/orbitfabric-openc3-cosmos-adapter,adapter,True,0,0,0,0
2026-09-01,openobsw-opensvf-adapter,OrbitFabric/orbitfabric-openobsw-opensvf-adapter,adapter,True,0,0,0,0
2026-09-01,reference-mission,OrbitFabric/orbitfabric-reference-mission,product,True,2,2,0,0
2026-09-01,studio,OrbitFabric/orbitfabric-studio,product,True,50,8,0,0
2026-09-02,adapter-catalog,OrbitFabric/orbitfabric-adapter-catalog,ecosystem,False,0,0,0,0
2026-09-02,adapter-template,OrbitFabric/orbitfabric-adapter-template,ecosystem,False,10,3,0,0
2026-09-02,core,OrbitFabric/orbitfabric,core,True,910,230,0,0
2026-09-02,eds-cfs-adapter,OrbitFabric/orbitfabric-eds-cfs-adapter,adapter,False,0,0,0,0
2026-09-02,fprime-adapter,OrbitFabric/orbitfabric-fprime-adapter,adapter,True,0,0,0,0
2026-09-02,github-release-source,OrbitFabric/orbitfabric-github-release-source,infrastructure,False,0,0,0,0
2026-09-02,openc3-cosmos-adapter,OrbitFabric/orbitfabric-openc3-cosmos-adapter,adapter,True,0,0,0,0
2026-09-02,openobsw-opensvf-adapter,OrbitFabric/orbitfabric-openobsw-opensvf-adapter,adapter,True,142,2,0,0
2026-09-02,reference-mission,OrbitFabric/orbitfabric-reference-mission,product,True,0,0,0,0
2026-09-02,studio,OrbitFabric/orbitfabric-studio,product,True,71,11,0,0
2026-09-03,adapter-catalog,OrbitFabric/orbitfabric-adapter-catalog,ecosystem,False,0,0,0,0
2026-09-03,adapter-template,OrbitFabric/orbitfabric-adapter-template,ecosystem,False,21,7,0,0
2026-09-03,core,OrbitFabric/orbitfabric,core,True,1618,535,0,0
2026-09-03,eds-cfs-adapter,OrbitFabric/orbitfabric-eds-cfs-adapter,adapter,False,0,0,0,0
2026-09-03,fprime-adapter,OrbitFabric/orbitfabric-fprime-adapter,adapter,True,137,1,0,0
2026-09-03,github-release-source,OrbitFabric/orbitfabric-github-release-source,infrastructure,False,0,0,0,0
2026-09-03,openc3-cosmos-adapter,OrbitFabric/orbitfabric-openc3-cosmos-adapter,adapter,True,142,12,0,0
2026-09-03,openobsw-opensvf-adapter,OrbitFabric/orbitfabric-openobsw-opensvf-adapter,adapter,True,437,43,0,0
2026-09-03,reference-mission,OrbitFabric/orbitfabric-reference-mission,product,True,0,0,0,0
2026-09-03,studio,OrbitFabric/orbitfabric-studio,product,True,4,2,0,0
2026-09-04,adapter-catalog,OrbitFabric/orbitfabric-adapter-catalog,ecosystem,False,45,11,5,1
2026-09-04,adapter-template,OrbitFabric/orbitfabric-adapter-template,ecosystem,False,1,1,10,1
2026-09-04,core,OrbitFabric/orbitfabric,core,True,1305,456,24,2
2026-09-04,eds-cfs-adapter,OrbitFabric/orbitfabric-eds-cfs-adapter,adapter,False,0,0,0,0
2026-09-04,fprime-adapter,OrbitFabric/orbitfabric-fprime-adapter,adapter,True,242,18,42,2
2026-09-04,github-release-source,OrbitFabric/orbitfabric-github-release-source,infrastructure,False,89,23,6,1
2026-09-04,openc3-cosmos-adapter,OrbitFabric/orbitfabric-openc3-cosmos-adapter,adapter,True,2,2,9,1
2026-09-04,openobsw-opensvf-adapter,OrbitFabric/orbitfabric-openobsw-opensvf-adapter,adapter,True,18,10,16,3
2026-09-04,reference-mission,OrbitFabric/orbitfabric-reference-mission,product,True,1,1,7,1
2026-09-04,studio,OrbitFabric/orbitfabric-studio,product,True,2,2,8,1
2026-09-05,adapter-catalog,OrbitFabric/orbitfabric-adapter-catalog,ecosystem,False,5,5,0,0
2026-09-05,adapter-template,OrbitFabric/orbitfabric-adapter-template,ecosystem,False,0,0,0,0
2026-09-05,core,OrbitFabric/orbitfabric,core,True,509,251,20,1
2026-09-05,eds-cfs-adapter,OrbitFabric/orbitfabric-eds-cfs-adapter,adapter,False,269,1,0,0
2026-09-05,fprime-adapter,OrbitFabric/orbitfabric-fprime-adapter,adapter,True,3,3,0,0
2026-09-05,github-release-source,OrbitFabric/orbitfabric-github-release-source,infrastructure,False,6,6,0,0
2026-09-05,openc3-cosmos-adapter,OrbitFabric/orbitfabric-openc3-cosmos-adapter,adapter,True,1,1,0,0
2026-09-05,openobsw-opensvf-adapter,OrbitFabric/orbitfabric-openobsw-opensvf-adapter,adapter,True,16,10,0,0
2026-09-05,reference-mission,OrbitFabric/orbitfabric-reference-mission,product,True,1,1,0,0
2026-09-05,studio,OrbitFabric/orbitfabric-studio,product,True,1,1,0,0
2026-09-06,adapter-catalog,OrbitFabric/orbitfabric-adapter-catalog,ecosystem,False,0,0,0,0
2026-09-06,adapter-template,OrbitFabric/orbitfabric-adapter-template,ecosystem,False,2,2,0,0
2026-09-06,core,OrbitFabric/orbitfabric,core,True,713,300,1,1
2026-09-06,eds-cfs-adapter,OrbitFabric/orbitfabric-eds-cfs-adapter,adapter,False,656,68,0,0
2026-09-06,fprime-adapter,OrbitFabric/orbitfabric-fprime-adapter,adapter,True,85,17,0,0
2026-09-06,github-release-source,OrbitFabric/orbitfabric-github-release-source,infrastructure,False,1,1,0,0
2026-09-06,openc3-cosmos-adapter,OrbitFabric/orbitfabric-openc3-cosmos-adapter,adapter,True,52,3,0,0
2026-09-06,openobsw-opensvf-adapter,OrbitFabric/orbitfabric-openobsw-opensvf-adapter,adapter,True,2,2,0,0
2026-09-06,reference-mission,OrbitFabric/orbitfabric-reference-mission,product,True,200,46,0,0
2026-09-06,studio,OrbitFabric/orbitfabric-studio,product,True,1,1,0,0
2026-09-07,adapter-catalog,OrbitFabric/orbitfabric-adapter-catalog,ecosystem,False,68,24,0,0
2026-09-07,adapter-template,OrbitFabric/orbitfabric-adapter-template,ecosystem,False,0,0,0,0
2026-09-07,core,OrbitFabric/orbitfabric,core,True,508,191,4,1
2026-09-07,eds-cfs-adapter,OrbitFabric/orbitfabric-eds-cfs-adapter,adapter,False,464,80,27,1
2026-09-07,fprime-adapter,OrbitFabric/orbitfabric-fprime-adapter,adapter,True,45,4,2,1
2026-09-07,github-release-source,OrbitFabric/orbitfabric-github-release-source,infrastructure,False,78,29,0,0
2026-09-07,openc3-cosmos-adapter,OrbitFabric/orbitfabric-openc3-cosmos-adapter,adapter,True,39,2,0,0
2026-09-07,openobsw-opensvf-adapter,OrbitFabric/orbitfabric-openobsw-opensvf-adapter,adapter,True,3,3,0,0
2026-09-07,reference-mission,OrbitFabric/orbitfabric-reference-mission,product,True,179,40,52,1
2026-09-07,studio,OrbitFabric/orbitfabric-studio,product,True,6,6,0,0
2026-09-08,adapter-catalog,OrbitFabric/orbitfabric-adapter-catalog,ecosystem,False,2,2,0,0
2026-09-08,adapter-template,OrbitFabric/orbitfabric-adapter-template,ecosystem,False,0,0,1,1
2026-09-08,core,OrbitFabric/orbitfabric,core,True,315,43,10,2
2026-09-08,eds-cfs-adapter,OrbitFabric/orbitfabric-eds-cfs-adapter,adapter,False,114,54,3,1
2026-09-08,fprime-adapter,OrbitFabric/orbitfabric-fprime-adapter,adapter,True,2,1,1,1
2026-09-08,github-release-source,OrbitFabric/orbitfabric-github-release-source,infrastructure,False,7,4,0,0
2026-09-08,openc3-cosmos-adapter,OrbitFabric/orbitfabric-openc3-cosmos-adapter,adapter,True,24,6,1,1
2026-09-08,openobsw-opensvf-adapter,OrbitFabric/orbitfabric-openobsw-opensvf-adapter,adapter,True,41,15,0,0
2026-09-08,reference-mission,OrbitFabric/orbitfabric-reference-mission,product,True,55,21,1,1
2026-09-08,studio,OrbitFabric/orbitfabric-studio,product,True,283,61,5,2
2026-09-09,adapter-catalog,OrbitFabric/orbitfabric-adapter-catalog,ecosystem,False,13,9,0,0
2026-09-09,adapter-template,OrbitFabric/orbitfabric-adapter-template,ecosystem,False,0,0,0,0
2026-09-09,core,OrbitFabric/orbitfabric,core,True,35,7,0,0
2026-09-09,eds-cfs-adapter,OrbitFabric/orbitfabric-eds-cfs-adapter,adapter,False,7,7,0,0
2026-09-09,fprime-adapter,OrbitFabric/orbitfabric-fprime-adapter,adapter,True,1,1,0,0
2026-09-09,github-release-source,OrbitFabric/orbitfabric-github-release-source,infrastructure,False,0,0,0,0
2026-09-09,openc3-cosmos-adapter,OrbitFabric/orbitfabric-openc3-cosmos-adapter,adapter,True,14,9,0,0
2026-09-09,openobsw-opensvf-adapter,OrbitFabric/orbitfabric-openobsw-opensvf-adapter,adapter,True,1,1,0,0
2026-09-09,reference-mission,OrbitFabric/orbitfabric-reference-mission,product,True,14,10,0,0
2026-09-09,studio,OrbitFabric/orbitfabric-studio,product,True,93,26,0,0
2026-09-10,adapter-catalog,OrbitFabric/orbitfabric-adapter-catalog,ecosystem,False,0,0,0,0
2026-09-10,adapter-template,OrbitFabric/orbitfabric-adapter-template,ecosystem,False,0,0,0,0
2026-09-10,core,OrbitFabric/orbitfabric,core,True,65,23,0,0
2026-09-10,eds-cfs-adapter,OrbitFabric/orbitfabric-eds-cfs-adapter,adapter,False,6,6,0,0
2026-09-10,fprime-adapter,OrbitFabric/orbitfabric-fprime-adapter,adapter,True,2,2,0,0
2026-09-10,github-release-source,OrbitFabric/orbitfabric-github-release-source,infrastructure,False,1,1,0,0
2026-09-10,openc3-cosmos-adapter,OrbitFabric/orbitfabric-openc3-cosmos-adapter,adapter,True,10,3,0,0
2026-09-10,openobsw-opensvf-adapter,OrbitFabric/orbitfabric-openobsw-opensvf-adapter,adapter,True,2,2,0,0
2026-09-10,reference-mission,OrbitFabric/orbitfabric-reference-mission,product,True,8,8,0,0
2026-09-10,studio,OrbitFabric/orbitfabric-studio,product,True,29,17,0,0
2026-09-11,adapter-catalog,OrbitFabric/orbitfabric-adapter-catalog,ecosystem,False,5,5,0,0
2026-09-11,adapter-template,OrbitFabric/orbitfabric-adapter-template,ecosystem,False,1,1,0,0
2026-09-11,core,OrbitFabric/orbitfabric,core,True,86,21,0,0
2026-09-11,eds-cfs-adapter,OrbitFabric/orbitfabric-eds-cfs-adapter,adapter,False,16,15,0,0
2026-09-11,fprime-adapter,OrbitFabric/orbitfabric-fprime-adapter,adapter,True,5,4,0,0
2026-09-11,github-release-source,OrbitFabric/orbitfabric-github-release-source,infrastructure,False,0,0,2,1
2026-09-11,openc3-cosmos-adapter,OrbitFabric/orbitfabric-openc3-cosmos-adapter,adapter,True,15,5,0,0
2026-09-11,openobsw-opensvf-adapter,OrbitFabric/orbitfabric-openobsw-opensvf-adapter,adapter,True,2,2,0,0
2026-09-11,reference-mission,OrbitFabric/orbitfabric-reference-mission,product,True,26,11,0,0
2026-09-11,studio,OrbitFabric/orbitfabric-studio,product,True,73,19,3,1
2026-09-12,adapter-catalog,OrbitFabric/orbitfabric-adapter-catalog,ecosystem,False,4,4,0,0
2026-09-12,adapter-template,OrbitFabric/orbitfabric-adapter-template,ecosystem,False,0,0,0,0
2026-09-12,core,OrbitFabric/orbitfabric,core,True,14,6,0,0
2026-09-12,eds-cfs-adapter,OrbitFabric/orbitfabric-eds-cfs-adapter,adapter,False,3,3,0,0
2026-09-12,fprime-adapter,OrbitFabric/orbitfabric-fprime-adapter,adapter,True,1,1,0,0
2026-09-12,github-release-source,OrbitFabric/orbitfabric-github-release-source,infrastructure,False,1,1,0,0
2026-09-12,openc3-cosmos-adapter,OrbitFabric/orbitfabric-openc3-cosmos-adapter,adapter,True,14,8,0,0
2026-09-12,openobsw-opensvf-adapter,OrbitFabric/orbitfabric-openobsw-opensvf-adapter,adapter,True,1,1,0,0
2026-09-12,reference-mission,OrbitFabric/orbitfabric-reference-mission,product,True,8,6,0,0
2026-09-12,studio,OrbitFabric/orbitfabric-studio,product,True,52,19,0,0
2026-09-13,adapter-catalog,OrbitFabric/orbitfabric-adapter-catalog,ecosystem,False,2,2,0,0
2026-09-13,adapter-template,OrbitFabric/orbitfabric-adapter-template,ecosystem,False,0,0,0,0
2026-09-13,core,OrbitFabric/orbitfabric,core,True,3,3,0,0
2026-09-13,eds-cfs-adapter,OrbitFabric/orbitfabric-eds-cfs-adapter,adapter,False,2,2,0,0
2026-09-13,fprime-adapter,OrbitFabric/orbitfabric-fprime-adapter,adapter,True,0,0,0,0
2026-09-13,github-release-source,OrbitFabric/orbitfabric-github-release-source,infrastructure,False,0,0,0,0
2026-09-13,openc3-cosmos-adapter,OrbitFabric/orbitfabric-openc3-cosmos-adapter,adapter,True,0,0,0,0
2026-09-13,openobsw-opensvf-adapter,OrbitFabric/orbitfabric-openobsw-opensvf-adapter,adapter,True,4,4,0,0
2026-09-13,reference-mission,OrbitFabric/orbitfabric-reference-mission,product,True,11,7,0,0
2026-09-13,studio,OrbitFabric/orbitfabric-studio,product,True,3,3,0,0
2026-09-14,adapter-catalog,OrbitFabric/orbitfabric-adapter-catalog,ecosystem,False,3,3,0,0
2026-09-14,adapter-template,OrbitFabric/orbitfabric-adapter-template,ecosystem,False,0,0,0,0
2026-09-14,core,OrbitFabric/orbitfabric,core,True,109,14,0,0
2026-09-14,eds-cfs-adapter,OrbitFabric/orbitfabric-eds-cfs-adapter,adapter,False,5,4,0,0
2026-09-14,fprime-adapter,OrbitFabric/orbitfabric-fprime-adapter,adapter,True,6,3,0,0
2026-09-14,github-release-source,OrbitFabric/orbitfabric-github-release-source,infrastructure,False,0,0,0,0
2026-09-14,openc3-cosmos-adapter,OrbitFabric/orbitfabric-openc3-cosmos-adapter,adapter,True,2,1,0,0
2026-09-14,openobsw-opensvf-adapter,OrbitFabric/orbitfabric-openobsw-opensvf-adapter,adapter,True,0,0,0,0
2026-09-14,reference-mission,OrbitFabric/orbitfabric-reference-mission,product,True,22,9,0,0
2026-09-14,studio,OrbitFabric/orbitfabric-studio,product,True,73,20,0,0
2026-09-15,adapter-catalog,OrbitFabric/orbitfabric-adapter-catalog,ecosystem,False,0,0,0,0
2026-09-15,adapter-template,OrbitFabric/orbitfabric-adapter-template,ecosystem,False,0,0,0,0
2026-09-15,core,OrbitFabric/orbitfabric,core,True,3,3,14,2
2026-09-15,eds-cfs-adapter,OrbitFabric/orbitfabric-eds-cfs-adapter,adapter,False,1,1,0,0
2026-09-15,fprime-adapter,OrbitFabric/orbitfabric-fprime-adapter,adapter,True,1,1,0,0
2026-09-15,github-release-source,OrbitFabric/orbitfabric-github-release-source,infrastructure,False,0,0,0,0
2026-09-15,openc3-cosmos-adapter,OrbitFabric/orbitfabric-openc3-cosmos-adapter,adapter,True,0,0,0,0
2026-09-15,openobsw-opensvf-adapter,OrbitFabric/orbitfabric-openobsw-opensvf-adapter,adapter,True,0,0,0,0
2026-09-15,reference-mission,OrbitFabric/orbitfabric-reference-mission,product,True,2,2,0,0
2026-09-15,studio,OrbitFabric/orbitfabric-studio,product,True,12,6,1,1
2026-09-16,adapter-catalog,OrbitFabric/orbitfabric-adapter-catalog,ecosystem,False,56,17,0,0
2026-09-16,adapter-template,OrbitFabric/orbitfabric-adapter-template,ecosystem,False,0,0,0,0
2026-09-16,core,OrbitFabric/orbitfabric,core,True,276,58,0,0
2026-09-16,eds-cfs-adapter,OrbitFabric/orbitfabric-eds-cfs-adapter,adapter,False,1,1,0,0
2026-09-16,fprime-adapter,OrbitFabric/orbitfabric-fprime-adapter,adapter,True,284,67,42,1
2026-09-16,github-release-source,OrbitFabric/orbitfabric-github-release-source,infrastructure,False,31,11,0,0
2026-09-16,openc3-cosmos-adapter,OrbitFabric/orbitfabric-openc3-cosmos-adapter,adapter,True,0,0,0,0
2026-09-16,openobsw-opensvf-adapter,OrbitFabric/orbitfabric-openobsw-opensvf-adapter,adapter,True,0,0,0,0
2026-09-16,reference-mission,OrbitFabric/orbitfabric-reference-mission,product,True,4,2,0,0
2026-09-16,studio,OrbitFabric/orbitfabric-studio,product,True,78,31,0,0
2026-09-17,adapter-catalog,OrbitFabric/orbitfabric-adapter-catalog,ecosystem,False,11,7,0,0
2026-09-17,adapter-template,OrbitFabric/orbitfabric-adapter-template,ecosystem,False,2,2,3,1
2026-09-17,core,OrbitFabric/orbitfabric,core,True,31,2,7,1
2026-09-17,eds-cfs-adapter,OrbitFabric/orbitfabric-eds-cfs-adapter,adapter,False,3,3,0,0
2026-09-17,fprime-adapter,OrbitFabric/orbitfabric-fprime-adapter,adapter,True,19,12,3,1
2026-09-17,github-release-source,OrbitFabric/orbitfabric-github-release-source,infrastructure,False,0,0,0,0
2026-09-17,openc3-cosmos-adapter,OrbitFabric/orbitfabric-openc3-cosmos-adapter,adapter,True,1,1,0,0
2026-09-17,openobsw-opensvf-adapter,OrbitFabric/orbitfabric-openobsw-opensvf-adapter,adapter,True,0,0,3,1
2026-09-17,reference-mission,OrbitFabric/orbitfabric-reference-mission,product,True,6,1,3,1
2026-09-17,studio,OrbitFabric/orbitfabric-studio,product,True,99,30,3,1
2026-09-18,adapter-catalog,OrbitFabric/orbitfabric-adapter-catalog,ecosystem,False,15,9,0,0
2026-09-18,adapter-template,OrbitFabric/orbitfabric-adapter-template,ecosystem,False,34,14,0,0
2026-09-18,core,OrbitFabric/orbitfabric,core,True,22,6,0,0
2026-09-18,eds-cfs-adapter,OrbitFabric/orbitfabric-eds-cfs-adapter,adapter,False,1,1,0,0
2026-09-18,fprime-adapter,OrbitFabric/orbitfabric-fprime-adapter,adapter,True,48,24,0,0
2026-09-18,github-release-source,OrbitFabric/orbitfabric-github-release-source,infrastructure,False,0,0,0,0
2026-09-18,openc3-cosmos-adapter,OrbitFabric/orbitfabric-openc3-cosmos-adapter,adapter,True,0,0,0,0
2026-09-18,openobsw-opensvf-adapter,OrbitFabric/orbitfabric-openobsw-opensvf-adapter,adapter,True,3,3,0,0
2026-09-18,reference-mission,OrbitFabric/orbitfabric-reference-mission,product,True,1,1,0,0
2026-09-18,studio,OrbitFabric/orbitfabric-studio,product,True,40,21,0,0
2026-09-19,adapter-catalog,OrbitFabric/orbitfabric-adapter-catalog,ecosystem,False,1,1,0,0
2026-09-19,adapter-template,OrbitFabric/orbitfabric-adapter-template,ecosystem,False,6,6,0,0
2026-09-19,core,OrbitFabric/orbitfabric,core,True,1,1,0,0
2026-09-19,eds-cfs-adapter,OrbitFabric/orbitfabric-eds-cfs-adapter,adapter,False,0,0,0,0
2026-09-19,fprime-adapter,OrbitFabric/orbitfabric-fprime-adapter,adapter,True,1,1,0,0
2026-09-19,github-release-source,OrbitFabric/orbitfabric-github-release-source,infrastructure,False,1,1,0,0
2026-09-19,openc3-cosmos-adapter,OrbitFabric/orbitfabric-openc3-cosmos-adapter,adapter,True,1,1,0,0
2026-09-19,openobsw-opensvf-adapter,OrbitFabric/orbitfabric-openobsw-opensvf-adapter,adapter,True,0,0,1,1
2026-09-19,reference-mission,OrbitFabric/orbitfabric-reference-mission,product,True,0,0,0,0
2026-09-19,studio,OrbitFabric/orbitfabric-studio,product,True,13,9,0,0
2026-09-20,adapter-catalog,OrbitFabric/orbitfabric-adapter-catalog,ecosystem,False,87,23,0,0
2026-09-20,adapter-template,OrbitFabric/orbitfabric-adapter-template,ecosystem,False,10,4,0,0
2026-09-20,core,OrbitFabric/orbitfabric,core,True,402,100,0,0
2026-09-20,eds-cfs-adapter,OrbitFabric/orbitfabric-eds-cfs-adapter,adapter,False,57,18,0,0
2026-09-20,fprime-adapter,OrbitFabric/orbitfabric-fprime-adapter,adapter,True,71,25,0,0
2026-09-20,github-release-source,OrbitFabric/orbitfabric-github-release-source,infrastructure,False,115,45,0,0
2026-09-20,openc3-cosmos-adapter,OrbitFabric/orbitfabric-openc3-cosmos-adapter,adapter,True,47,17,0,0
2026-09-20,openobsw-opensvf-adapter,OrbitFabric/orbitfabric-openobsw-opensvf-adapter,adapter,True,46,16,0,0
2026-09-20,reference-mission,OrbitFabric/orbitfabric-reference-mission,product,True,68,32,0,0
2026-09-20,studio,OrbitFabric/orbitfabric-studio,product,True,53,20,0,0
2026-09-21,adapter-catalog,OrbitFabric/orbitfabric-adapter-catalog,ecosystem,False,236,47,0,0
2026-09-21,adapter-template,OrbitFabric/orbitfabric-adapter-template,ecosystem,False,1,1,0,0
2026-09-21,core,OrbitFabric/orbitfabric,core,True,823,194,3,2
2026-09-21,eds-cfs-adapter,OrbitFabric/orbitfabric-eds-cfs-adapter,adapter,False,8,7,0,0
2026-09-21,fprime-adapter,OrbitFabric/orbitfabric-fprime-adapter,adapter,True,15,6,2,1
2026-09-21,github-release-source,OrbitFabric/orbitfabric-github-release-source,infrastructure,False,231,77,0,0
2026-09-21,openc3-cosmos-adapter,OrbitFabric/orbitfabric-openc3-cosmos-adapter,adapter,True,87,25,0,0
2026-09-21,openobsw-opensvf-adapter,OrbitFabric/orbitfabric-openobsw-opensvf-adapter,adapter,True,13,5,0,0
2026-09-21,reference-mission,OrbitFabric/orbitfabric-reference-mission,product,True,63,26,1,1
2026-09-21,studio,OrbitFabric/orbitfabric-studio,product,True,45,20,0,0
2026-09-22,adapter-catalog,OrbitFabric/orbitfabric-adapter-catalog,ecosystem,False,68,28,0,0
2026-09-22,adapter-template,OrbitFabric/orbitfabric-adapter-template,ecosystem,False,43,22,0,0
2026-09-22,core,OrbitFabric/orbitfabric,core,True,450,112,0,0
2026-09-22,eds-cfs-adapter,OrbitFabric/orbitfabric-eds-cfs-adapter,adapter,False,54,17,0,0
2026-09-22,fprime-adapter,OrbitFabric/orbitfabric-fprime-adapter,adapter,True,45,18,0,0
2026-09-22,github-release-source,OrbitFabric/orbitfabric-github-release-source,infrastructure,False,67,23,0,0
2026-09-22,openc3-cosmos-adapter,OrbitFabric/orbitfabric-openc3-cosmos-adapter,adapter,True,47,19,0,0
2026-09-22,openobsw-opensvf-adapter,OrbitFabric/orbitfabric-openobsw-opensvf-adapter,adapter,True,50,21,0,0
2026-09-22,reference-mission,OrbitFabric/orbitfabric-reference-mission,product,True,10,7,0,0
2026-09-22,studio,OrbitFabric/orbitfabric-studio,product,True,12,8,0,0
2026-09-23,adapter-catalog,OrbitFabric/orbitfabric-adapter-catalog,ecosystem,False,4,4,0,0
2026-09-23,adapter-template,OrbitFabric/orbitfabric-adapter-template,ecosystem,False,4,4,0,0
2026-09-23,core,OrbitFabric/orbitfabric,core,True,32,8,0,0
2026-09-23,eds-cfs-adapter,OrbitFabric/orbitfabric-eds-cfs-adapter,adapter,False,5,5,0,0
2026-09-23,fprime-adapter,OrbitFabric/orbitfabric-fprime-adapter,adapter,True,4,4,0,0
2026-09-23,github-release-source,OrbitFabric/orbitfabric-github-release-source,infrastructure,False,7,6,0,0
2026-09-23,openc3-cosmos-adapter,OrbitFabric/orbitfabric-openc3-cosmos-adapter,adapter,True,2,2,0,0
2026-09-23,openobsw-opensvf-adapter,OrbitFabric/orbitfabric-openobsw-opensvf-adapter,adapter,True,2,2,0,0
2026-09-23,reference-mission,OrbitFabric/orbitfabric-reference-mission,product,True,9,6,0,0
2026-09-23,studio,OrbitFabric/orbitfabric-studio,product,True,64,21,0,0
2026-09-24,adapter-catalog,OrbitFabric/orbitfabric-adapter-catalog,ecosystem,False,15,4,0,0
2026-09-24,adapter-template,OrbitFabric/orbitfabric-adapter-template,ecosystem,False,1,1,0,0
2026-09-24,core,OrbitFabric/orbitfabric,core,True,179,47,0,0
2026-09-24,eds-cfs-adapter,OrbitFabric/orbitfabric-eds-cfs-adapter,adapter,False,55,11,0,0
2026-09-24,fprime-adapter,OrbitFabric/orbitfabric-fprime-adapter,adapter,True,22,5,0,0
2026-09-24,github-release-source,OrbitFabric/orbitfabric-github-release-source,infrastructure,False,35,15,0,0
2026-09-24,openc3-cosmos-adapter,OrbitFabric/orbitfabric-openc3-cosmos-adapter,adapter,True,29,11,0,0
2026-09-24,openobsw-opensvf-adapter,OrbitFabric/orbitfabric-openobsw-opensvf-adapter,adapter,True,30,10,0,0
2026-09-24,reference-mission,OrbitFabric/orbitfabric-reference-mission,product,True,2,2,0,0
2026-09-24,studio,OrbitFabric/orbitfabric-studio,product,True,4,3,0,0
2026-09-25,adapter-catalog,OrbitFabric/orbitfabric-adapter-catalog,ecosystem,False,80,25,0,0
2026-09-25,adapter-template,OrbitFabric/orbitfabric-adapter-template,ecosystem,False,4,2,0,0
2026-09-25,core,OrbitFabric/orbitfabric,core,True,218,61,3,1
2026-09-25,eds-cfs-adapter,OrbitFabric/orbitfabric-eds-cfs-adapter,adapter,False,25,9,0,0
2026-09-25,fprime-adapter,OrbitFabric/orbitfabric-fprime-adapter,adapter,True,25,9,0,0
2026-09-25,github-release-source,OrbitFabric/orbitfabric-github-release-source,infrastructure,False,71,31,0,0
2026-09-25,openc3-cosmos-adapter,OrbitFabric/orbitfabric-openc3-cosmos-adapter,adapter,True,53,23,0,0
2026-09-25,openobsw-opensvf-adapter,OrbitFabric/orbitfabric-openobsw-opensvf-adapter,adapter,True,50,14,0,0
2026-09-25,reference-mission,OrbitFabric/orbitfabric-reference-mission,product,True,1,1,0,0
2026-09-25,studio,OrbitFabric/orbitfabric-studio,product,True,3,2,1,1
2026-09-26,adapter-catalog,OrbitFabric/orbitfabric-adapter-catalog,ecosystem,False,5,5,0,0
2026-09-26,adapter-template,OrbitFabric/orbitfabric-adapter-template,ecosystem,False,2,2,0,0
2026-09-26,core,OrbitFabric/orbitfabric,core,True,19,7,0,0
2026-09-26,eds-cfs-adapter,OrbitFabric/orbitfabric-eds-cfs-adapter,adapter,False,2,2,0,0
2026-09-26,fprime-adapter,OrbitFabric/orbitfabric-fprime-adapter,adapter,True,6,2,0,0
2026-09-26,github-release-source,OrbitFabric/orbitfabric-github-release-source,infrastructure,False,3,2,0,0
2026-09-26,openc3-cosmos-adapter,OrbitFabric/orbitfabric-openc3-cosmos-adapter,adapter,True,8,3,0,0
2026-09-26,openobsw-opensvf-adapter,OrbitFabric/orbitfabric-openobsw-opensvf-adapter,adapter,True,3,3,0,0
2026-09-26,reference-mission,OrbitFabric/orbitfabric-reference-mission,product,True,57,28,0,0
2026-09-26,studio,OrbitFabric/orbitfabric-studio,product,True,4,3,0,0
2026-09-27,adapter-catalog,OrbitFabric/orbitfabric-adapter-catalog,ecosystem,False,7,3,0,0
2026-09-27,adapter-template,OrbitFabric/orbitfabric-adapter-template,ecosystem,False,0,0,0,0
2026-09-27,core,OrbitFabric/orbitfabric,core,True,1,1,0,0
2026-09-27,eds-cfs-adapter,OrbitFabric/orbitfabric-eds-cfs-adapter,adapter,False,4,2,0,0
2026-09-27,fprime-adapter,OrbitFabric/orbitfabric-fprime-adapter,adapter,True,1,1,0,0
2026-09-27,github-release-source,OrbitFabric/orbitfabric-github-release-source,infrastructure,False,0,0,0,0
2026-09-27,openc3-cosmos-adapter,OrbitFabric/orbitfabric-openc3-cosmos-adapter,adapter,True,3,1,0,0
2026-09-27,openobsw-opensvf-adapter,OrbitFabric/orbitfabric-openobsw-opensvf-adapter,adapter,True,4,2,0,0
2026-09-27,reference-mission,OrbitFabric/orbitfabric-reference-mission,product,True,8,4,0,0
2026-09-27,studio,OrbitFabric/orbitfabric-studio,product,True,4,2,0,0
2026-09-28,adapter-catalog,OrbitFabric/orbitfabric-adapter-catalog,ecosystem,False,8,5,0,0
2026-09-28,adapter-template,OrbitFabric/orbitfabric-adapter-template,ecosystem,False,0,0,0,0
2026-09-28,core,OrbitFabric/orbitfabric,core,True,1,1,0,0
2026-09-28,eds-cfs-adapter,OrbitFabric/orbitfabric-eds-cfs-adapter,adapter,False,1,1,0,0
2026-09-28,fprime-adapter,OrbitFabric/orbitfabric-fprime-adapter,adapter,True,6,3,0,0
2026-09-28,github-release-source,OrbitFabric/orbitfabric-github-release-source,infrastructure,False,2,1,0,0
2026-09-28,openc3-cosmos-adapter,OrbitFabric/orbitfabric-openc3-cosmos-adapter,adapter,True,1,1,0,0
2026-09-28,openobsw-opensvf-adapter,OrbitFabric/orbitfabric-openobsw-opensvf-adapter,adapter,True,1,1,0,0
2026-09-28,reference-mission,OrbitFabric/orbitfabric-reference-mission,product,True,6,3,0,0
2026-09-28,studio,OrbitFabric/orbitfabric-studio,product,True,3,2,0,0
2026-09-29,adapter-catalog,OrbitFabric/orbitfabric-adapter-catalog,ecosystem,False,0,0,0,0
2026-09-29,adapter-template,OrbitFabric/orbitfabric-adapter-template,ecosystem,False,1,1,0,0
2026-09-29,core,OrbitFabric/orbitfabric,core,True,16,6,3,1
2026-09-29,eds-cfs-adapter,OrbitFabric/orbitfabric-eds-cfs-adapter,adapter,False,1,1,2,2
2026-09-29,fprime-adapter,OrbitFabric/orbitfabric-fprime-adapter,adapter,True,1,1,0,0
2026-09-29,github-release-source,OrbitFabric/orbitfabric-github-release-source,infrastructure,False,1,1,0,0
2026-09-29,openc3-cosmos-adapter,OrbitFabric/orbitfabric-openc3-cosmos-adapter,adapter,True,3,3,0,0
2026-09-29,openobsw-opensvf-adapter,OrbitFabric/orbitfabric-openobsw-opensvf-adapter,adapter,True,0,0,0,0
2026-09-29,reference-mission,OrbitFabric/orbitfabric-reference-mission,product,True,42,23,2,2
2026-09-29,studio,OrbitFabric/orbitfabric-studio,product,True,1,1,1,1
2026-09-30,adapter-catalog,OrbitFabric/orbitfabric-adapter-catalog,ecosystem,False,1,1,0,0
2026-09-30,adapter-template,OrbitFabric/orbitfabric-adapter-template,ecosystem,False,1,1,0,0
2026-09-30,core,OrbitFabric/orbitfabric,core,True,1,1,0,0
2026-09-30,eds-cfs-adapter,OrbitFabric/orbitfabric-eds-cfs-adapter,adapter,False,1,1,0,0
2026-09-30,fprime-adapter,OrbitFabric/orbitfabric-fprime-adapter,adapter,True,1,1,0,0
2026-09-30,github-release-source,OrbitFabric/orbitfabric-github-release-source,infrastructure,False,0,0,0,0
2026-09-30,openc3-cosmos-adapter,OrbitFabric/orbitfabric-openc3-cosmos-adapter,adapter,True,0,0,0,0
2026-09-30,openobsw-opensvf-adapter,OrbitFabric/orbitfabric-openobsw-opensvf-adapter,adapter,True,2,2,0,0
2026-09-30,reference-mission,OrbitFabric/orbitfabric-reference-mission,product,True,5,4,6,1
2026-09-30,studio,OrbitFabric/orbitfabric-studio,product,True,0,0,0,0
2026-10-01,adapter-catalog,OrbitFabric/orbitfabric-adapter-catalog,ecosystem,False,0,0,0,0
2026-10-01,adapter-template,OrbitFabric/orbitfabric-adapter-template,ecosystem,False,0,0,0,0
2026-10-01,core,OrbitFabric/orbitfabric,core,True,0,0,1,1
2026-10-01,eds-cfs-adapter,OrbitFabric/orbitfabric-eds-cfs-adapter,adapter,False,3,3,0,0
2026-10-01,fprime-adapter,OrbitFabric/orbitfabric-fprime-adapter,adapter,True,0,0,0,0
2026-10-01,github-release-source,OrbitFabric/orbitfabric-github-release-source,infrastructure,False,0,0,0,0
2026-10-01,openc3-cosmos-adapter,OrbitFabric/orbitfabric-openc3-cosmos-adapter,adapter,True,0,0,0,0
2026-10-01,openobsw-opensvf-adapter,OrbitFabric/orbitfabric-openobsw-opensvf-adapter,adapter,True,0,0,0,0
2026-10-01,reference-mission,OrbitFabric/orbitfabric-reference-mission,product,True,1,1,0,0
2026-10-01,studio,OrbitFabric/orbitfabric-studio,product,True,0,0,0,0
